Name,Price
کتاب رنگ عشق,"6,650 تومان"
کتاب گور به گور,"5,250 تومان"
کتاب قرآن با رحل چرمی قاب دار بزرگ بدون قلم هوشمند,"2,250,000 تومان"
کتاب چشمانی به رنگ زیتون,"5,600 تومان"
کتاب فرهنگ عامیانه مردم ایران,"273,800 تومان"
کتاب بررسی روان شناختی خودکامگی,"90,000 تومان"
کتاب پول خود را مدیریت کنید,"32,400 تومان"
کتاب کتاب ساحلی,"224,250 تومان"
کتاب گتسبی بزرگ,"150,000 تومان"
کتاب سایه های اردیبهشت,"10,500 تومان"
کتاب مبانی طراحی لباس,"187,500 تومان"
کتاب سلوک,"184,000 تومان"
کتاب گزینه اشعار حسین منزوی,"48,000 تومان"
کتاب نیه توچکا,"148,000 تومان"
کتاب رولان بارت,"108,000 تومان"
کتاب تکوین و تکون هویت ایرانی,"67,500 تومان"
کتاب غوغایی بر بام جهان,"56,250 تومان"
کتاب هزار خورشید تابان,"240,000 تومان"
کتاب در غم فقدان پدرم,"11,100 تومان"
کتاب گرگ های سرنوگراتس,"48,750 تومان"
کتاب نقاشی و زندگی سالوادر دالی مجموعه هنرمندان در جیب جلد 4,"66,600 تومان"
کتاب مجموعه کاریکاتورهای دیوید لوین(روزنه),"194,400 تومان"
کتاب زیر آسمان های جهان,"236,800 تومان"
مجموعه کتاب های قرآن و ادعیه قاب دار متوسط,"540,000 تومان"
کتاب بدیو,"82,500 تومان"
کتاب بی حد و مرز,"215,200 تومان"
کتاب پارسنز و نظریه کنش,"43,200 تومان"
کتاب شازده کوچولو,"70,200 تومان"
مجموعه کتاب های قرآن و ادعیه قاب دار کوچک,"296,000 تومان"
کتاب ابراهیم خان,"16,000 تومان"
کتاب اضطراب منزلت,"176,000 تومان"
کتاب آخرین روز یک محکوم و کلود ولگرد,"144,000 تومان"
